Algorithm,Execution Time (ms)
MergeSort,731247.7173329956
QuickSort,2249843.837181584
BubbleSort,487961250.0
