Algorithm,Execution Time (ms)
MergeSort,5444440.869331983
QuickSort,16751015.348726338
BubbleSort,7807380000.0
