Algorithm,Execution Time (ms)
MergeSort,2092357.9346659912
QuickSort,6437597.674363168
BubbleSort,1951845000.0
