Algorithm,Execution Time (ms)
MergeSort,62986.2494468689
QuickSort,193791.02897644043
BubbleSort,19518452.090978622
